elbo,kl,recon_loss,reconstruction,epoch,step
3444.6201171875,47.51209259033203,-3397.10791015625,-3397.10791015625,0,49
