elbo,kl,recon_loss,reconstruction,epoch,step
4114.685546875,25.124727249145508,-4089.56103515625,-4089.56103515625,0,49
